Nome Completo,CPF,Média
Lucas Almeida,12345678901,10
Evelyn Rocha,790.548.326-65,8
Marcelo Gonçalves,287.036.591-86,8.5
Sophie Rezende,154.397.062-16,9
Letícia da Paz,756.018.293-30,7
Mariano Pimenta,12345678901,10
Maria da Cruz,790.548.326-65,7.4
Mauricio Silva,287.036.591-86,9.3
Bruna Moraes,154.397.062-16,4.5
Giovana Perfeito,756.018.293-30,10